participant,age_1,gender_1,qualification_1,employment_1,employment_2,employment_3,employment_4,employment_5,employment_6,employment_7,employment_8,disorder_1,screentime_1,socialmedia_1,computergames_1,exercise_1,sleep_1,mood_1,regularity_1,duration_1,experience_1,style_1,style_specification_1,sart_1,endcode,CLIENT_start,TIME_start,TIME_end,TIME_total
s.849fa5ee-30eb-454e-897f-017723f70cbf.txt,1,2,1,0,0,0,0,0,1,0,0,2,6 hours,4 hours,2,4,2,4,1,"","","","",sart2.2024-05-22-0639.data.849fa5ee-30eb-454e-897f-017723f70cbf.txt,GzJUvEEtmT,2024-04-22-10-55,2024-05-22-05-55,2024-05-22-06-39,44
s.7bc52b6a-8df7-49ae-934a-d75c152a38d8.txt,2,1,2,0,0,0,0,0,1,0,0,2,3,1,1,4,3,4,2,1,4,3,waking up app (sam harris),sart2.2024-05-29-1138.data.7bc52b6a-8df7-49ae-934a-d75c152a38d8.txt,g3LmvfYCtD,2024-04-29-11-28,2024-05-29-11-28,2024-05-29-11-38,10
s.5b365e94-8417-43b4-862c-40150a86ae5b.txt,2,1,2,0,0,0,0,0,1,0,0,2,3,0,2,4,3,10,2,1,2,3,"",sart2.2024-05-22-1353.data.5b365e94-8417-43b4-862c-40150a86ae5b.txt,v7xFdMPbD9,2024-04-22-13-43,2024-05-22-13-43,2024-05-22-13-53,10
s.be79b70a-dd75-4d1b-ac0f-ac66abec67a4.txt,2,2,2,0,0,0,0,0,1,0,0,2,2,2,3,3,3,8,4,1,3,3,"",sart2.2024-06-01-1748.data.be79b70a-dd75-4d1b-ac0f-ac66abec67a4.txt,hQuHPDYJ9u,2024-05-01-17-40,2024-06-01-17-40,2024-06-01-17-48,8
s.f55c07cf-a046-4c4f-9283-652d1e529dc0.txt,3,1,2,0,1,0,0,0,1,0,0,2,7,6,2,3,3,7,3,2,2,2,"",sart2.2024-05-22-2159.data.f55c07cf-a046-4c4f-9283-652d1e529dc0.txt,rfQt9rhtuM,2024-04-22-21-51,2024-05-22-21-51,2024-05-22-21-59,8
s.6334185d-29b1-45d1-85a9-d3d3bb6e0052.txt,2,1,2,0,0,0,0,0,1,0,0,2,5,4,2,1,3,7,1,"","","","","","",2024-04-24-19-24,2024-05-24-19-24,"",""
s.96bf5ec7-406f-4b18-96ec-33f10046b0d5.txt,2,1,2,0,0,0,0,0,1,0,0,2,4,2,1,1,4,7,1,"","","","",sart2.2024-05-29-1632.data.96bf5ec7-406f-4b18-96ec-33f10046b0d5.txt,8HjATNTEDQ,2024-04-29-16-21,2024-05-29-16-22,2024-05-29-16-32,10
s.bc94bcce-d4a4-4218-a5ea-c247bd1ebcfc.txt,2,2,2,0,1,0,0,0,1,0,0,2,3,3,2,4,3,3,2,1,2,3,"",sart2.2024-05-21-1857.data.bc94bcce-d4a4-4218-a5ea-c247bd1ebcfc.txt,MHKvDVEBbb,2024-04-21-18-13,2024-05-21-18-13,2024-05-21-18-57,44
s.7ef96a73-b4ab-4d92-b409-12e7d81c9bb4.txt,2,1,2,0,0,0,0,0,1,0,0,2,2,1,1,4,2,4,2,1,3,3,"",sart2.2024-05-23-2101.data.7ef96a73-b4ab-4d92-b409-12e7d81c9bb4.txt,snbcEFPzAv,2024-04-23-20-51,2024-05-23-20-51,2024-05-23-21-01,10
s.58e6f401-eb98-43c5-98e5-38e8449a5ed5.txt,4,2,4,1,0,0,0,0,0,0,0,2,3-4,2,1,1,5,4,1,"","","","","","",2024-04-22-00-35,2024-05-22-01-35,"",""
s.28a53377-cb90-4fa3-b9ae-8af56f2f72e9.txt,2,1,2,0,0,0,0,0,1,0,0,2,5,1,1,2,4,3,2,1,1,3,"",sart2.2024-05-22-0813.data.28a53377-cb90-4fa3-b9ae-8af56f2f72e9.txt,49EGyg7ZRB,2024-04-22-08-05,2024-05-22-08-04,2024-05-22-08-13,9
s.cbea5507-979d-453a-aa06-da557e42ed0a.txt,3,1,3,0,1,0,0,0,1,0,0,2,3,2,1,4,2,4,1,"","","","",sart2.2024-06-10-0844.data.cbea5507-979d-453a-aa06-da557e42ed0a.txt,5KyyCqrczM,2024-05-10-08-35,2024-06-10-08-35,2024-06-10-08-44,9
s.4f0cd6ab-f84b-453b-abeb-859adae731dc.txt,3,1,1,0,0,0,0,0,1,0,0,2,3,2,1,4,3,3,1,"","","","",sart2.2024-05-22-2110.data.4f0cd6ab-f84b-453b-abeb-859adae731dc.txt,2dMBwqsUBr,2024-04-22-21-00,2024-05-22-21-00,2024-05-22-21-10,10
s.a3f900e8-edef-4501-a2d0-7fa5776b8235.txt,3,1,5,0,0,0,1,0,0,0,0,2,2,1,1,4,3,6,1,"","","","",sart2.2024-05-22-1435.data.a3f900e8-edef-4501-a2d0-7fa5776b8235.txt,eegMcTk8he,2024-04-22-14-26,2024-05-22-14-26,2024-05-22-14-35,9
s.b147dd44-4ac2-4536-bd95-d2140c852489.txt,2,2,2,0,1,0,0,0,1,0,0,2,3h14min,1,1,4,2,4,5,1,3,3,"",sart2.2024-05-21-2352.data.b147dd44-4ac2-4536-bd95-d2140c852489.txt,wGxvX4z368,2024-04-21-23-41,2024-05-21-23-41,2024-05-21-23-52,11
s.335a38f1-a553-452f-90a6-c7697a4da4fc.txt,2,1,4,0,0,0,0,0,1,0,0,2,5,3,1,4,2,9,1,"","","","",sart2.2024-05-24-1407.data.335a38f1-a553-452f-90a6-c7697a4da4fc.txt,uBXUGDnZBp,2024-04-24-12-59,2024-05-24-13-59,2024-05-24-14-07,8
s.e32cc6ec-51ae-444c-ba3f-0ce0df10ddf8.txt,2,1,2,0,0,0,0,0,1,0,0,2,7,3,1,3,2,3,2,1,4,3,"",sart2.2024-05-22-1722.data.e32cc6ec-51ae-444c-ba3f-0ce0df10ddf8.txt,RJB9Z8j8hL,2024-04-22-17-14,2024-05-22-17-14,2024-05-22-17-22,8
s.f131ae9d-699e-4496-827f-15a765af1b7b.txt,2,1,2,0,0,0,0,0,1,0,0,2,3,2,1,4,4,7,2,1,2,3,"",sart2.2024-05-30-1952.data.f131ae9d-699e-4496-827f-15a765af1b7b.txt,eHQuD294Qq,2024-04-30-19-43,2024-05-30-19-43,2024-05-30-19-52,9
s.af70fa32-bd8a-4990-aaa2-c6d22a4130ea.txt,6,2,1,1,0,0,0,0,0,0,0,2,3,1,1,1,4,7,1,"","","","",sart2.2024-06-03-2031.data.af70fa32-bd8a-4990-aaa2-c6d22a4130ea.txt,vm2LEGN3KH,2024-05-03-20-20,2024-06-03-20-20,2024-06-03-20-31,11
s.acbb18ea-4b05-45ce-b30b-e93c941e6719.txt,2,1,2,0,0,0,0,0,1,0,0,2,4,2,2,2,4,4,2,1,4,3,"",sart2.2024-05-30-1237.data.acbb18ea-4b05-45ce-b30b-e93c941e6719.txt,ehuXb2qQ55,2024-04-30-12-24,2024-05-30-12-24,2024-05-30-12-37,13
s.5f9f5316-6a0f-43ef-a676-141c60446ca9.txt,3,1,4,0,0,0,0,0,1,0,0,2,3-4,3,1,1,2,7,1,"","","","","","",2024-04-25-18-40,2024-05-25-17-40,"",""
s.d79d9de8-a8f4-4163-950a-0201a5201437.txt,2,1,2,0,1,0,0,0,0,0,0,2,4,3.5,1,3,1,4,2,1,2,3,"",sart2.2024-05-23-1225.data.d79d9de8-a8f4-4163-950a-0201a5201437.txt,AgycuJ2FT8,2024-04-23-12-13,2024-05-23-12-13,2024-05-23-12-25,12
s.16cf73bd-b4fb-4fcc-921b-6c9b098e7243.txt,2,1,2,0,0,0,0,0,1,0,0,2,"1,5","0,5",1,3,3,4,1,"","","","",sart2.2024-05-21-2156.data.16cf73bd-b4fb-4fcc-921b-6c9b098e7243.txt,c3UBryvyWL,2024-04-21-21-46,2024-05-21-21-46,2024-05-21-21-56,10
s.00419077-276e-4cbb-85bc-de6edc4e7b76.txt,3,2,4,0,0,0,0,0,1,0,0,2,"2,5",1,2,3,3,8,5,1,1,3,"",sart2.2024-05-24-1445.data.00419077-276e-4cbb-85bc-de6edc4e7b76.txt,dK9gpQdWuO,2024-04-24-14-35,2024-05-24-14-35,2024-05-24-14-45,10
s.6ea74a2f-04a9-41e3-808e-fec375713af3.txt,2,1,2,0,0,0,0,0,1,0,0,2,3,"2,5",1,3,3,6,1,"","","","",sart2.2024-05-29-1538.data.6ea74a2f-04a9-41e3-808e-fec375713af3.txt,xVsQWDUBjC,2024-04-29-15-29,2024-05-29-15-29,2024-05-29-15-38,9
s.28bd46b3-4da2-455a-8ab2-4d90e94eb739.txt,2,1,2,0,0,0,0,0,1,0,0,1,"","","","","","","","","","","","",,2024-04-30-19-42,2024-05-30-19-42,2024-05-30-19-43,1
s.64199be9-5d3f-40ab-8f6e-8606ba5f62ed.txt,2,1,3,0,1,0,0,0,1,0,0,2,2,2,2,3,3,4,1,"","","","",sart2.2024-05-26-1539.data.64199be9-5d3f-40ab-8f6e-8606ba5f62ed.txt,ChshZ6gT2e,2024-04-26-15-30,2024-05-26-15-30,2024-05-26-15-39,9
s.4839f58c-2748-4416-b6ad-bbf0f62f63c5.txt,3,1,4,0,0,0,0,0,1,0,0,2,6,5,2,4,4,7,1,"","","","",sart2.2024-05-21-2233.data.4839f58c-2748-4416-b6ad-bbf0f62f63c5.txt,CtFrmsH2bV,2024-04-21-22-24,2024-05-21-22-24,2024-05-21-22-33,9
s.30a373a3-5502-4682-b426-af7dbd71431a.txt,2,1,4,0,1,0,0,0,1,0,0,1,"","","","","","","","","","","","",,2024-04-21-19-21,2024-05-21-19-21,2024-05-21-19-21,0
s.0e6e9ba6-cdcc-4ee3-9001-de7c0e3f21c3.txt,2,1,2,0,0,0,0,0,1,0,0,2,2 or 3,2,2,3,1,3,2,1,3,3,"",sart2.2024-05-29-1519.data.0e6e9ba6-cdcc-4ee3-9001-de7c0e3f21c3.txt,5VjFnQ6OPq,2024-04-29-15-08,2024-05-29-15-08,2024-05-29-15-19,11
s.1cf3bf13-6227-467e-ac23-1e7397e5120d.txt,2,1,2,0,0,0,0,0,1,0,0,2,"2,5 h","1,5h",1,3,4,7,1,"","","","",sart2.2024-05-22-0909.data.1cf3bf13-6227-467e-ac23-1e7397e5120d.txt,y39TsJeGzJ,2024-04-22-08-56,2024-05-22-08-56,2024-05-22-09-09,13
s.f6c52a81-ac09-4849-852b-218cd78e8b98.txt,2,1,2,0,0,0,0,0,1,0,0,2,4,3,1,3,2,7,1,"","","","",sart2.2024-05-26-2307.data.f6c52a81-ac09-4849-852b-218cd78e8b98.txt,TucCJb2Q3w,2024-04-26-22-59,2024-05-26-22-59,2024-05-26-23-07,8
s.7376923a-b7bd-46aa-af5b-2fa596b194eb.txt,3,2,2,0,0,0,0,0,1,0,0,2,2,2,1,4,3,9,2,1,2,1,"",sart2.2024-05-22-0959.data.7376923a-b7bd-46aa-af5b-2fa596b194eb.txt,nNByX6KXAy,2024-04-22-09-49,2024-05-22-09-49,2024-05-22-09-59,10
s.51aa8e08-dbf1-487f-af1f-e1f896c7e07e.txt,3,2,"","","","","","","","","","","","","","","","","","","","","","","",2024-04-22-11-53,2024-05-22-05-53,"",""
s.e3095703-2579-4237-9aaa-e4402d961f7d.txt,2,2,4,0,0,0,0,0,1,0,0,2,5,2,1,2,3,3,1,"","","","",sart2.2024-05-21-1934.data.e3095703-2579-4237-9aaa-e4402d961f7d.txt,U2ZGuDPxmB,2024-04-21-19-19,2024-05-21-19-19,2024-05-21-19-34,15
s.ce90129c-cff9-40d0-a164-bb9705fd2b1a.txt,2,1,2,0,1,0,0,0,1,0,0,2,5,1,1,2,3,8,2,1,2,3,"",sart2.2024-05-27-1924.data.ce90129c-cff9-40d0-a164-bb9705fd2b1a.txt,PHEYZXwa7H,2024-04-27-19-13,2024-05-27-19-13,2024-05-27-19-24,11
s.91d104dc-f329-43ca-bd78-9cdc124f27f2.txt,2,1,2,0,0,0,0,0,1,0,0,2,2,"1,5",1,4,3,2,4,1,4,3,"","","",2024-05-04-20-05,2024-06-04-20-05,"",""
s.6ad769b9-2b1d-4867-962f-c3b02d35b5fc.txt,2,1,2,0,0,0,0,0,1,0,0,2,4,0,2,4,2,7,1,"","","","",sart2.2024-05-24-1132.data.6ad769b9-2b1d-4867-962f-c3b02d35b5fc.txt,HHyMLJcEaB,2024-04-24-11-24,2024-05-24-11-24,2024-05-24-11-32,8
s.2b5d8feb-7b75-4816-8ee0-85dbb18a1461.txt,2,1,2,0,0,0,0,0,1,0,0,2,3,"1,5",1,3,3,6,1,"","","","",sart2.2024-05-22-2217.data.2b5d8feb-7b75-4816-8ee0-85dbb18a1461.txt,jXPtUHH7pB,2024-04-22-22-06,2024-05-22-22-06,2024-05-22-22-17,11
s.5503eedf-c9df-49b4-aaa6-5bcc1e373cf5.txt,2,2,2,0,0,0,0,0,1,0,0,2,2,"0,5",2,3,2,8,1,"","","","",sart2.2024-05-22-0854.data.5503eedf-c9df-49b4-aaa6-5bcc1e373cf5.txt,7u2rQRzZsz,2024-04-22-08-44,2024-05-22-08-44,2024-05-22-08-54,10
s.a16b88e7-3d56-4c6a-a06a-eff7c22ae96a.txt,2,1,2,0,0,0,0,0,1,0,0,2,1.5,0.5,1,4,3,2,5,1,3,3,"",sart2.2024-05-22-1015.data.a16b88e7-3d56-4c6a-a06a-eff7c22ae96a.txt,3n3UQWm4YR,2024-04-22-10-07,2024-05-22-10-07,2024-05-22-10-15,8
s.ea1b24f1-1f77-494e-83df-15ff63da326a.txt,2,1,2,0,0,0,0,0,1,0,0,2,5,4,2,1,3,7,1,"","","","",sart2.2024-05-24-1936.data.ea1b24f1-1f77-494e-83df-15ff63da326a.txt,t47dLkvM7r,2024-04-24-19-28,2024-05-24-19-28,2024-05-24-19-36,8
s.4221ae1d-45fc-408b-9c3c-0cbb9e545fba.txt,2,1,2,0,0,0,0,0,1,0,0,2,2,"1,5",1,4,3,2,4,1,4,3,"",sart2.2024-06-04-2018.data.4221ae1d-45fc-408b-9c3c-0cbb9e545fba.txt,fcJqRdnXcK,2024-05-04-20-10,2024-06-04-20-10,2024-06-04-20-18,8
s.4f342910-4170-4cca-bec9-43061785bcf4.txt,2,1,2,0,0,0,0,0,1,0,0,2,3,2,1,2,3,8,1,"","","","","","",2024-04-23-14-01,2024-05-23-14-01,"",""
s.2416fc79-7777-4a56-a765-9acc29434617.txt,3,1,5,0,0,0,0,0,1,0,0,2,4,3,1,2,3,2,1,"","","","",sart2.2024-05-22-2129.data.2416fc79-7777-4a56-a765-9acc29434617.txt,nvCaatOnv5,2024-04-22-21-20,2024-05-22-21-20,2024-05-22-21-29,9
s.0206f51c-6b52-4bc6-ba3d-6ad7c1bced0e.txt,2,1,2,0,0,0,0,0,1,0,0,"","","","","","","","","","","","","","",2024-04-29-12-10,2024-05-29-12-10,"",""
s.da4f4593-97ba-4a81-962a-5bfd468b1817.txt,2,1,3,0,0,0,0,0,1,0,0,2,4,3,1,2,3,6,1,"","","","",sart2.2024-05-23-1843.data.da4f4593-97ba-4a81-962a-5bfd468b1817.txt,,2024-04-23-18-32,2024-05-23-18-32,2024-05-23-18-33,1
s.7ec03cb6-da38-41f8-ae16-9bf5bcc1fd4b.txt,3,1,5,0,0,1,0,0,0,0,0,2,5,3,1,3,4,3,1,"","","","",sart2.2024-05-22-0904.data.7ec03cb6-da38-41f8-ae16-9bf5bcc1fd4b.txt,a6Z3xuxHDB,2024-04-22-08-55,2024-05-22-08-55,2024-05-22-09-04,9
s.a0d97f3e-6bdf-4ba1-bae1-19e1f02a1a00.txt,2,2,2,0,0,0,0,0,1,0,0,2,5,1,1,4,4,9,2,1,4,3,"",sart2.2024-05-21-1818.data.a0d97f3e-6bdf-4ba1-bae1-19e1f02a1a00.txt,SbbuG8MHFr,2024-04-21-18-05,2024-05-21-18-05,2024-05-21-18-18,13
s.81523fd7-48cf-4f47-ba8d-15638ab1ad33.txt,2,1,2,0,0,0,0,0,1,0,0,2,3,"1,5",1,4,3,8,1,"","","","",sart2.2024-05-22-1118.data.81523fd7-48cf-4f47-ba8d-15638ab1ad33.txt,FEww2dJvcC,2024-04-22-11-09,2024-05-22-11-09,2024-05-22-11-18,9
s.dc1eb78b-8af4-4933-8c03-52671c1ec411.txt,2,1,2,0,0,0,0,0,1,0,0,2,4,3,1,4,3,4,1,"","","","",sart2.2024-05-30-2057.data.dc1eb78b-8af4-4933-8c03-52671c1ec411.txt,P386NN6YKE,2024-04-30-20-48,2024-05-30-20-48,2024-05-30-20-57,9
s.4567e59a-302b-4c90-be40-e02ce0b133e8.txt,2,2,2,0,0,0,1,0,1,0,0,2,2.5,0.2,2,3,2,2,2,1,2,3,"","","",2024-04-22-12-50,2024-05-22-12-50,"",""
s.a078fc53-66ba-4ec0-b4f7-0512a18b8ac7.txt,2,1,2,0,0,0,0,0,1,0,0,2,8,8,2,4,3,2,1,"","","","",sart2.2024-06-04-1305.data.a078fc53-66ba-4ec0-b4f7-0512a18b8ac7.txt,rTQK257Ksf,2024-05-04-12-55,2024-06-04-12-55,2024-06-04-13-05,10
s.f95addd3-745d-4b0f-9ed5-a5fef5935aea.txt,1,2,1,0,0,1,0,0,0,0,0,2,6,5,4,3,2,7,1,"","","","","","",2024-04-22-09-10,2024-05-22-01-10,"",""
s.332a0875-00a3-4981-b582-f666250324cb.txt,2,1,2,0,0,0,0,0,1,0,1,2,5,2,1,4,3,7,2,1,3,3,"",sart2.2024-05-21-1959.data.332a0875-00a3-4981-b582-f666250324cb.txt,jWESxjpTwK,2024-04-21-19-49,2024-05-21-19-49,2024-05-21-19-59,10
s.80d35da8-c144-45c9-b060-0c47019df883.txt,2,2,2,0,0,0,0,0,1,0,0,2,4,3,1,4,2,7,1,"","","","",sart2.2024-05-23-1546.data.80d35da8-c144-45c9-b060-0c47019df883.txt,Z57Udss267,2024-04-23-15-37,2024-05-23-15-37,2024-05-23-15-46,9
s.da63ad87-6a47-47d6-a04b-299548e5e724.txt,2,1,2,0,0,0,0,0,1,0,0,2,"2,5",1,1,4,3,9,1,"","","","",sart2.2024-05-22-1124.data.da63ad87-6a47-47d6-a04b-299548e5e724.txt,Q3O8p4yHYb,2024-04-22-11-14,2024-05-22-11-14,2024-05-22-11-24,10
s.d50fc4a4-ddb4-4aa0-8164-16977b4fdc01.txt,3,2,4,0,1,0,0,0,1,0,0,2,2,0,2,3,3,3,4,1,2,3,Vipassana meditation,sart2.2024-06-17-1116.data.d50fc4a4-ddb4-4aa0-8164-16977b4fdc01.txt,WxGwMPaVUR,2024-05-17-11-07,2024-06-17-11-07,2024-06-17-11-16,9
s.5b5bb843-b787-45ba-8faa-bec671180434.txt,2,1,2,0,0,0,0,0,1,0,0,2,4,1,2,3,2,4,4,1,1,3,"",sart2.2024-06-02-1720.data.5b5bb843-b787-45ba-8faa-bec671180434.txt,gjbZQvODb7,2024-05-02-17-08,2024-06-02-17-08,2024-06-02-17-20,12
s.7259c402-5604-4820-b4c8-b50e81f48cb4.txt,2,3,2,0,1,0,0,0,1,0,0,2,2,"0,5",1,4,2,4,2,1,4,3,"",sart2.2024-05-24-1311.data.7259c402-5604-4820-b4c8-b50e81f48cb4.txt,DEFZ6dYCQn,2024-04-24-12-59,2024-05-24-12-59,2024-05-24-13-11,12
s.d02a446f-b170-4c95-b5b9-1a90cd7707a0.txt,2,1,2,0,0,0,0,0,1,0,0,2,2,0,3,2,2,5,2,1,2,3,"",sart2.2024-05-23-1251.data.d02a446f-b170-4c95-b5b9-1a90cd7707a0.txt,WSTVLDWtyf,2024-04-23-12-39,2024-05-23-12-39,2024-05-23-12-51,12
s.95754e70-c081-47ca-9583-a14a425d6cfb.txt,2,2,2,0,0,0,0,0,1,0,0,2,3,0.25,1,3,3,6,2,1,1,3,"",sart2.2024-05-22-1218.data.95754e70-c081-47ca-9583-a14a425d6cfb.txt,QfOPYQVMeV,2024-04-22-12-05,2024-05-22-12-05,2024-05-22-12-18,13
s.5c083b1e-b5c0-4a15-8e92-ed462f46ef14.txt,2,1,2,0,0,0,0,0,1,0,0,2,4,3,1,3,3,3,2,1,1,3,"",sart2.2024-05-30-1252.data.5c083b1e-b5c0-4a15-8e92-ed462f46ef14.txt,YaXs7mquss,2024-04-30-12-42,2024-05-30-12-42,2024-05-30-12-52,10
s.96210bc2-6fbc-46b6-9a1a-342e04caa597.txt,4,1,3,0,0,0,0,0,1,0,1,2,?,24,1,1,3,5,1,"","","","",sart2.2024-05-28-0911.data.96210bc2-6fbc-46b6-9a1a-342e04caa597.txt,x2aqReJGj3,2024-04-28-08-42,2024-05-28-08-42,2024-05-28-09-11,29
s.a2fe013c-5147-4709-90a0-8a552e3aaf0b.txt,2,2,2,0,0,0,0,0,1,0,0,2,2,2,1,3,3,7,3,2,3,3,"",sart2.2024-05-26-1718.data.a2fe013c-5147-4709-90a0-8a552e3aaf0b.txt,fh3zzQtLKb,2024-04-26-17-08,2024-05-26-17-08,2024-05-26-17-18,10
s.15c2b306-6593-4a73-bf66-718b998330de.txt,2,1,2,0,0,0,0,0,1,0,1,2,3,1,1,4,3,7,2,1,3,3,"",sart2.2024-05-24-1519.data.15c2b306-6593-4a73-bf66-718b998330de.txt,qu2wzx2L5H,2024-04-24-15-10,2024-05-24-15-10,2024-05-24-15-19,9
s.b3b2e410-384e-4c9b-8b45-b0d2510280a5.txt,2,1,2,0,0,0,0,0,1,0,0,2,4,2,1,3,3,6,2,1,2,3,"",sart2.2024-06-04-1843.data.b3b2e410-384e-4c9b-8b45-b0d2510280a5.txt,M6EeD6GbcR,2024-05-04-18-30,2024-06-04-18-30,2024-06-04-18-43,13
s.3f1c9370-5c6e-494e-9bc6-3ed62f031fec.txt,2,2,2,0,0,0,0,0,1,0,0,2,4,3,1,3,2,4,2,1,1,3,"",sart2.2024-05-22-1125.data.3f1c9370-5c6e-494e-9bc6-3ed62f031fec.txt,VyYkfxMO73,2024-04-22-11-14,2024-05-22-11-14,2024-05-22-11-25,11
s.1d52e5ab-e7b6-4b89-8cf1-3f10ac35b323.txt,2,1,2,0,0,0,0,0,1,0,0,2,4,1,2,3,4,8,1,"","","","",sart2.2024-05-21-2056.data.1d52e5ab-e7b6-4b89-8cf1-3f10ac35b323.txt,NMhmdxzFbh,2024-04-21-20-47,2024-05-21-20-47,2024-05-21-20-56,9
s.693e74ba-ef36-4c92-ae05-fd5c74087f7e.txt,3,1,4,0,0,0,0,0,1,0,0,2,"3,5","1,5",1,4,4,8,4,1,3,3,"",sart2.2024-06-01-2207.data.693e74ba-ef36-4c92-ae05-fd5c74087f7e.txt,96n3xCv8vu,2024-05-01-21-59,2024-06-01-21-59,2024-06-01-22-07,8
s.983f8f35-bf92-40d6-8411-6794c6340c32.txt,2,2,2,0,0,0,0,0,1,0,0,2,2,1,1,4,3,6,1,"","","","",sart2.2024-05-23-1936.data.983f8f35-bf92-40d6-8411-6794c6340c32.txt,Hen6ZYwd2z,2024-04-23-19-27,2024-05-23-19-27,2024-05-23-19-36,9
s.ae6208cc-18d2-4d0a-aece-9f6c2fc99aa7.txt,2,1,2,0,0,0,0,0,1,0,0,2,2,"1,5",1,3,4,7,1,"","","","",sart2.2024-06-11-0933.data.ae6208cc-18d2-4d0a-aece-9f6c2fc99aa7.txt,j3mBNXgAfP,2024-05-11-09-24,2024-06-11-09-24,2024-06-11-09-33,9
s.bfd7e504-9ee2-4978-a64f-2530c05c6c76.txt,2,1,2,0,0,0,0,0,1,0,0,2,5,3.5,1,2,3,7,2,1,2,3,"",sart2.2024-05-27-2102.data.bfd7e504-9ee2-4978-a64f-2530c05c6c76.txt,GM3fGnCM8M,2024-04-27-20-50,2024-05-27-20-50,2024-05-27-21-02,12
s.98125ca5-592a-432b-b923-582f394a4aa5.txt,4,2,5,1,0,0,0,0,0,0,0,1,"","","","","","","","","","","","",,2024-04-21-11-52,2024-05-21-18-57,2024-05-21-18-57,0
s.fd856191-271f-4d06-977f-fa5b48ae9271.txt,2,1,2,0,0,0,0,0,1,0,0,2,2,1,1,4,2,6,1,"","","","",sart2.2024-05-22-0813.data.fd856191-271f-4d06-977f-fa5b48ae9271.txt,x7UssEmJxG,2024-04-22-08-04,2024-05-22-08-04,2024-05-22-08-13,9
s.c61e055b-efc9-43dd-a339-7447eaba7a67.txt,2,1,2,0,0,0,0,0,1,0,0,2,3,2,1,3,4,4,2,1,3,3,"",sart2.2024-05-23-1855.data.c61e055b-efc9-43dd-a339-7447eaba7a67.txt,pq7VRMyGjp,2024-04-23-18-44,2024-05-23-18-44,2024-05-23-18-55,11
s.b8101082-7d8f-4d7f-a856-239df12a46a9.txt,2,1,2,0,0,0,0,0,1,0,0,2,3,1,1,4,3,4,2,1,3,3,"",sart2.2024-05-22-1513.data.b8101082-7d8f-4d7f-a856-239df12a46a9.txt,6Z4pT6zgvQ,2024-04-22-15-03,2024-05-22-15-03,2024-05-22-15-13,10
s.cbefc7b7-270d-439a-a3a0-13bd7881cdae.txt,2,2,2,0,0,0,0,0,1,0,0,2,2,0.75,1,4,3,3,5,1,3,3,"",sart2.2024-05-24-0834.data.cbefc7b7-270d-439a-a3a0-13bd7881cdae.txt,ZgzOjXg6vX,2024-04-24-08-25,2024-05-24-08-25,2024-05-24-08-34,9
s.4897b471-ccb1-4970-baf5-51599550cc08.txt,3,2,5,0,0,1,0,0,0,0,0,2,2,1,1,4,3,5,1,"","","","",sart2.2024-05-26-0822.data.4897b471-ccb1-4970-baf5-51599550cc08.txt,hPFZRDNbQM,2024-04-26-08-14,2024-05-26-08-14,2024-05-26-08-22,8
s.aabe98a2-cb3c-4b7b-ab8f-e67beee4b139.txt,5,1,2,0,1,0,0,0,0,0,0,2,2,1/2,1,4,1,4,2,1,4,2,"","","",2024-05-01-14-04,2024-06-01-14-05,"",""
s.1639b72e-b2e5-4cb3-b229-316ce291d27b.txt,2,1,2,0,0,0,0,0,1,0,0,2,"2,5",3,1,4,3,4,2,1,2,3,"",sart2.2024-05-22-1708.data.1639b72e-b2e5-4cb3-b229-316ce291d27b.txt,YSHzm8SFBk,2024-04-22-16-55,2024-05-22-16-55,2024-05-22-17-08,13
s.85b1e823-e06c-4b0b-9d05-36d8be17132a.txt,2,2,2,0,0,0,1,0,1,0,0,2,1.5,0.3,2,2,4,6,2,1,3,3,"",sart2.2024-06-12-1032.data.85b1e823-e06c-4b0b-9d05-36d8be17132a.txt,sEGYNbSbqX,2024-05-12-10-21,2024-06-12-10-21,2024-06-12-10-32,11
s.d93fbc2c-1689-441a-9cd4-e1b5f092916a.txt,2,1,2,0,0,0,0,0,1,0,0,2,6,2,2,3,2,4,1,"","","","",sart2.2024-06-07-1442.data.d93fbc2c-1689-441a-9cd4-e1b5f092916a.txt,QzMjk4Q3L4,2024-05-07-14-30,2024-06-07-14-30,2024-06-07-14-42,12
s.31e39d02-d7da-41ac-bf23-2f53520da765.txt,3,2,2,0,0,0,0,0,1,0,0,2,2,1,2,4,3,8,2,2,4,3,vipassana meditation,sart2.2024-05-23-1924.data.31e39d02-d7da-41ac-bf23-2f53520da765.txt,8YjuC4sYjm,2024-04-23-19-14,2024-05-23-19-14,2024-05-23-19-24,10
s.4a91fb41-350c-462b-b99d-1bbb4ea996b1.txt,3,1,4,0,1,0,0,0,1,0,0,2,3,0,1,3,2,6,1,"","","","",sart2.2024-06-03-1755.data.4a91fb41-350c-462b-b99d-1bbb4ea996b1.txt,eP2ZpfSH4q,2024-05-03-17-46,2024-06-03-17-46,2024-06-03-17-55,9
s.c24c37ad-54b8-416b-bb87-51039e7c99b0.txt,2,1,2,0,0,0,0,0,1,0,0,2,4-5,1-2,1,4,3,7,2,1,2,3,"",sart2.2024-05-23-1658.data.c24c37ad-54b8-416b-bb87-51039e7c99b0.txt,eVVTKSvhx2,2024-04-23-16-49,2024-05-23-16-49,2024-05-23-16-58,9
s.3115a248-1b76-452a-977e-b585409f7027.txt,2,2,5,0,0,0,1,0,1,0,0,1,"","","","","","","","","","","","",,2024-04-22-13-45,2024-05-22-13-45,2024-05-22-13-46,1
s.f720c31d-f7d4-43fd-90d4-917f0cf5fc33.txt,2,1,2,0,1,0,0,0,1,0,0,2,"1,5",0,1,4,3,8,2,1,4,2,"",sart2.2024-05-21-2010.data.f720c31d-f7d4-43fd-90d4-917f0cf5fc33.txt,KjTj5RTqrj,2024-04-21-19-58,2024-05-21-19-58,2024-05-21-20-10,12
s.25cc1a4f-f3fa-4c9d-868d-6c3fc5f470ea.txt,2,1,2,0,0,0,0,0,1,0,0,2,5,4,1,4,2,9,1,"","","","",sart2.2024-05-27-1013.data.25cc1a4f-f3fa-4c9d-868d-6c3fc5f470ea.txt,nh7Sg9DLfH,2024-04-27-10-01,2024-05-27-10-02,2024-05-27-10-13,11
s.7359871e-d7da-4cad-a081-a234aac402dd.txt,6,2,2,0,0,0,1,0,0,0,0,2,1,"0,5",1,4,3,8,5,1,4,3,"",sart2.2024-05-22-1508.data.7359871e-d7da-4cad-a081-a234aac402dd.txt,ywYeXOPQjJ,2024-04-22-14-58,2024-05-22-14-58,2024-05-22-15-08,10
s.371d3e7d-29ba-4c39-87c8-3b099ea040ca.txt,2,1,4,0,1,0,0,0,1,0,0,2,4,2,1,3,3,4,2,1,3,1,"",sart2.2024-05-30-0848.data.371d3e7d-29ba-4c39-87c8-3b099ea040ca.txt,nhxmgSuq4v,2024-04-30-08-40,2024-05-30-08-40,2024-05-30-08-48,8
s.01b9bbf5-9ed2-4f3f-a101-4e5176647c87.txt,3,2,4,0,1,0,0,0,0,0,0,1,"","","","","","","","","","","","",,2024-04-21-12-02,2024-05-21-19-02,2024-05-21-19-03,1
s.8d7ccdaa-6394-4cde-95bd-74647421aed5.txt,2,1,2,0,0,0,0,0,1,0,0,2,1.5,0.1,1,3,3,7,2,1,2,3,"",sart2.2024-05-26-2105.data.8d7ccdaa-6394-4cde-95bd-74647421aed5.txt,Ks6UVVnvSY,2024-04-26-20-53,2024-05-26-20-53,2024-05-26-21-05,12
s.0dcf89c5-eaa2-42fa-9cae-ee1a6ec9e3b0.txt,2,1,4,0,1,0,0,0,0,0,0,1,"","","","","","","","","","","","",,2024-04-21-19-56,2024-05-21-18-56,2024-05-21-18-56,0
s.b2b9f002-a087-420a-b82b-ff576474d0ba.txt,2,1,2,0,0,0,0,0,1,0,0,2,3,3,1,4,2,5,1,1,1,"","",sart2.2024-05-25-1658.data.b2b9f002-a087-420a-b82b-ff576474d0ba.txt,rvYYwgCAzZ,2024-04-25-16-47,2024-05-25-16-47,2024-05-25-16-58,11
s.20d5febd-e3df-4752-85a1-57ae7001f435.txt,2,1,2,0,0,0,0,0,1,0,0,2,8,2,1,4,2,3,2,1,1,3,"",sart2.2024-05-27-2203.data.20d5febd-e3df-4752-85a1-57ae7001f435.txt,RSywx8qsbq,2024-04-27-21-53,2024-05-27-21-53,2024-05-27-22-03,10
s.6ff2e62b-47d7-4440-a446-702f07db6d3b.txt,3,1,2,0,1,0,0,0,1,0,0,2,3,0.5,2,3,4,4,1,"","","","",sart2.2024-05-22-1142.data.6ff2e62b-47d7-4440-a446-702f07db6d3b.txt,Fasm3Au3Se,2024-04-22-11-24,2024-05-22-11-24,2024-05-22-11-42,18
s.ccaa0071-7f90-4b57-9f54-2cf929970d52.txt,2,1,2,0,0,0,0,0,1,0,0,2,3,2,1,1,3,8,1,"","","","",sart2.2024-05-31-1550.data.ccaa0071-7f90-4b57-9f54-2cf929970d52.txt,sb6wXT5aVn,2024-04-31-15-39,2024-05-31-15-39,2024-05-31-15-50,11
s.cccf5962-d0a1-4706-acaf-a595b9621841.txt,2,1,2,0,0,0,0,0,1,0,0,2,4,3,1,1,5,4,1,"","","","",sart2.2024-05-22-1011.data.cccf5962-d0a1-4706-acaf-a595b9621841.txt,w2jyNGPyRP,2024-04-22-10-01,2024-05-22-10-01,2024-05-22-10-11,10
s.6f6ed8d4-16d4-4c86-ad21-2b561c0dd3c7.txt,2,2,2,0,0,0,1,0,1,0,0,2,3,1,1,4,1,3,1,"","","","",sart2.2024-06-15-1506.data.6f6ed8d4-16d4-4c86-ad21-2b561c0dd3c7.txt,JrBrTnR8YE,2024-05-15-14-55,2024-06-15-14-55,2024-06-15-15-06,11
s.ee797cd2-7a90-49cd-8525-0718cdde46cf.txt,2,1,2,0,0,0,0,0,1,0,0,2,5,2,2,2,4,4,1,"","","","",sart2.2024-05-28-1735.data.ee797cd2-7a90-49cd-8525-0718cdde46cf.txt,wGXOJ9uWMr,2024-04-28-17-26,2024-05-28-17-26,2024-05-28-17-35,9
s.0f794234-4cb3-4368-b6ad-63550421b267.txt,6,1,5,0,1,0,0,0,0,0,0,2,1,1-2,1,3,4,7,5,1,4,3,"",sart2.2024-05-30-1242.data.0f794234-4cb3-4368-b6ad-63550421b267.txt,9fwHSFcgJY,2024-04-30-12-24,2024-05-30-12-24,2024-05-30-12-42,18
s.39128a46-a1c6-4426-b356-445d4cc30c2b.txt,4,4,6,1,1,0,1,0,0,0,0,1,"","","","","","","","","","","","",,2024-04-25-11-36,2024-05-25-17-36,2024-05-25-17-36,0
s.dd1e3b94-88d7-47c6-9340-c71f4856b5c2.txt,6,2,1,1,0,0,0,0,0,0,0,2,3,1,1,"","","","","","","","","","",2024-05-03-20-17,2024-06-03-20-17,"",""
s.b84707db-53d2-47d5-b83e-c73c386bca67.txt,2,2,2,0,1,0,0,0,1,0,0,2,5,3,2,2,2,3,2,1,2,3,"",sart2.2024-05-21-1809.data.b84707db-53d2-47d5-b83e-c73c386bca67.txt,faGK5gy8Ta,2024-04-21-18-00,2024-05-21-18-00,2024-05-21-18-09,9
s.09fc3c2f-8d69-40ba-bacd-106f7f93c4f9.txt,2,1,2,0,0,0,0,0,1,0,0,2,7,6,1,4,3,4,2,1,3,3,"",sart2.2024-05-21-1802.data.09fc3c2f-8d69-40ba-bacd-106f7f93c4f9.txt,xTXWtzxNTv,2024-04-21-17-54,2024-05-21-17-54,2024-05-21-18-02,8
s.75fcfa09-8f62-4563-ab47-4f104f35c5ed.txt,2,2,2,0,0,0,0,0,1,0,0,2,3,1,1,4,3,3,5,2,4,3,Vipassana,sart2.2024-05-24-1625.data.75fcfa09-8f62-4563-ab47-4f104f35c5ed.txt,qRzLCzDf4h,2024-04-24-16-16,2024-05-24-16-16,2024-05-24-16-25,9
s.4abec739-525c-4116-b8a2-32524e6be301.txt,2,1,2,0,0,0,0,0,1,0,0,2,1.5,0.5,1,4,3,3,5,1,3,3,"","","",2024-04-22-10-02,2024-05-22-10-02,"",""
s.4a57fb93-9927-4fdc-ab2a-42449b860de7.txt,2,1,2,0,0,0,0,0,1,0,0,2,3,"0,75",1,4,3,5,2,1,2,3,"",sart2.2024-05-22-0928.data.4a57fb93-9927-4fdc-ab2a-42449b860de7.txt,MQkY3TUj7k,2024-04-22-09-20,2024-05-22-09-20,2024-05-22-09-28,8
s.ce0f2aae-3ffa-437b-a748-0a6172e94dce.txt,3,2,5,0,0,0,0,0,1,0,0,1,"","","","","","","","","","","","",,2024-04-22-08-55,2024-05-22-08-55,2024-05-22-08-55,0
s.909fee30-f978-4b13-8b40-022238760919.txt,2,1,2,0,0,0,0,0,1,0,0,2,6,3,1,2,3,6,2,1,4,3,"",sart2.2024-05-24-2026.data.909fee30-f978-4b13-8b40-022238760919.txt,HcfPe3pkSy,2024-04-24-20-15,2024-05-24-20-15,2024-05-24-20-26,11
s.f41b4eaa-2fc5-4fc5-b874-2ca931dc3189.txt,2,1,2,0,0,0,0,0,1,0,0,2,2,1,2,4,3,6,1,"","","","",sart2.2024-05-22-1632.data.f41b4eaa-2fc5-4fc5-b874-2ca931dc3189.txt,2ZaC8vGt6R,2024-04-22-16-21,2024-05-22-16-21,2024-05-22-16-32,11
s.23fb10a4-6ef0-4705-b17b-79db94c709f9.txt,2,1,2,0,0,0,0,0,1,0,0,2,2,0.3,2,4,2,8,2,1,3,2,"",sart2.2024-05-27-1536.data.23fb10a4-6ef0-4705-b17b-79db94c709f9.txt,dpERMFC9LB,2024-04-27-15-26,2024-05-27-15-26,2024-05-27-15-36,10
s.01067e9a-f6af-4b14-8ea6-2037c294130f.txt,2,1,5,0,0,0,0,0,1,0,0,1,"","","","","","","","","","","","",,2024-04-21-16-53,2024-05-21-17-53,2024-05-21-17-54,1
s.2b508d7e-7ce4-4059-98f2-77c1360dec65.txt,3,1,3,0,1,0,0,0,1,0,0,2,7,2,1,3,1,4,1,"","","","",sart2.2024-05-22-1341.data.2b508d7e-7ce4-4059-98f2-77c1360dec65.txt,bs3rBb4qe3,2024-04-22-13-32,2024-05-22-13-32,2024-05-22-13-41,9
s.a6f47c37-107c-4255-a579-950e85612ae1.txt,2,1,2,0,0,0,0,0,1,0,0,2,1.5,0.15,1,4,2,9,1,"","","","",sart2.2024-05-29-1203.data.a6f47c37-107c-4255-a579-950e85612ae1.txt,zGMRcUxKHc,2024-04-29-11-54,2024-05-29-11-54,2024-05-29-12-03,9
s.6f6534b8-7106-4ca8-81a1-b4c4a0153036.txt,2,1,2,0,0,0,0,0,1,0,0,2,3,1,1,4,3,8,4,1,1,3,"","",mCdD5KRATa,2024-04-22-09-09,2024-05-22-09-09,2024-05-22-09-18,9
s.359372ec-1154-4e8d-8a83-93df7956f94d.txt,3,2,3,0,1,0,0,0,1,0,0,2,3,0.5,2,4,2,8,5,1,3,3,"",sart2.2024-05-21-2343.data.359372ec-1154-4e8d-8a83-93df7956f94d.txt,N6a4UqhuTx,2024-04-21-23-31,2024-05-21-23-31,2024-05-21-23-43,12
s.b35a9f62-6db7-4d83-a97f-f498436569c9.txt,2,1,2,0,0,0,0,0,1,0,0,2,4,4,1,3,3,6,1,"","","","",sart2.2024-05-23-2045.data.b35a9f62-6db7-4d83-a97f-f498436569c9.txt,6bFdY669QU,2024-04-23-20-36,2024-05-23-20-36,2024-05-23-20-45,9
s.91eb56b9-02d0-4143-9738-4c9480f6735a.txt,2,2,2,0,0,0,0,0,1,0,0,2,3.5,1.5,1,4,3,8,1,"","","","",sart2.2024-05-23-0110.data.91eb56b9-02d0-4143-9738-4c9480f6735a.txt,UPXQnzqqrc,2024-04-23-01-01,2024-05-23-01-02,2024-05-23-01-10,8
s.de1c9b4d-92df-43d4-ade9-21db0fe19c30.txt,3,1,2,0,0,0,0,0,1,0,0,2,2,0,2,3,3,7,2,1,3,3,"",sart2.2024-05-22-0850.data.de1c9b4d-92df-43d4-ade9-21db0fe19c30.txt,4FVWP2qCsv,2024-04-22-08-40,2024-05-22-08-40,2024-05-22-08-50,10
s.da1ff289-7235-423c-9eec-4769bf350b7b.txt,2,2,2,0,0,0,0,0,1,0,0,2,"4,5",4,1,3,4,3,2,1,3,3,"",sart2.2024-05-30-1556.data.da1ff289-7235-423c-9eec-4769bf350b7b.txt,8ExXACzyhD,2024-04-30-15-45,2024-05-30-15-45,2024-05-30-15-56,11
s.0ed17cfc-994a-4317-8bc7-f5a7d86cf158.txt,2,1,2,0,0,0,0,0,1,0,0,2,2,1,1,4,3,7,1,"","","","",sart2.2024-06-18-1421.data.0ed17cfc-994a-4317-8bc7-f5a7d86cf158.txt,3f9G9rMbdT,2024-05-18-14-11,2024-06-18-14-11,2024-06-18-14-21,10
s.b9e7fc1e-f60a-4d4a-ae54-29c360d01194.txt,3,1,3,0,1,0,0,0,1,0,0,1,"","","","","","","","","","","","",,2024-04-26-15-29,2024-05-26-15-29,2024-05-26-15-30,1
s.890f9334-acfa-4d90-aada-d689294c1bda.txt,2,1,2,0,0,0,0,0,1,0,0,2,4,1,1,4,3,7,2,1,3,3,"","","",2024-04-31-11-06,2024-05-31-11-06,"",""
s.0e83152f-9573-4982-aacc-74352217cdc8.txt,2,1,2,0,0,0,0,0,1,0,0,2,4,3.5,1,2,3,4,1,"","","","",sart2.2024-05-22-2329.data.0e83152f-9573-4982-aacc-74352217cdc8.txt,Ky4Q4TjqzL,2024-04-22-23-20,2024-05-22-23-20,2024-05-22-23-29,9
s.252e2f03-78d6-4912-a9a6-ce5a76c3e1b7.txt,2,2,2,0,0,0,0,0,1,0,0,2,2,0,1,2,4,6,1,"","","","",sart2.2024-05-23-2012.data.252e2f03-78d6-4912-a9a6-ce5a76c3e1b7.txt,jCeb8x3yLR,2024-04-23-20-02,2024-05-23-20-02,2024-05-23-20-12,10
s.6fc9782c-e625-4e1c-a9ce-45d2a39d24e1.txt,3,2,2,0,1,0,0,0,1,0,0,2,3,0,2,4,3,9,1,"","","","",sart2.2024-05-22-1633.data.6fc9782c-e625-4e1c-a9ce-45d2a39d24e1.txt,JU8TRyJC9d,2024-04-22-16-23,2024-05-22-16-23,2024-05-22-16-33,10
s.48a6dd8d-975e-4311-a709-9f08129a0860.txt,3,1,2,0,1,0,0,0,1,0,0,2,3,2,1,4,2,7,4,1,2,3,"",sart2.2024-06-04-1835.data.48a6dd8d-975e-4311-a709-9f08129a0860.txt,YPhrHvFrHU,2024-05-04-18-22,2024-06-04-18-22,2024-06-04-18-35,13
s.6936ad1e-de97-4c4d-8b67-c25f33930b10.txt,2,1,2,0,0,0,0,0,1,0,0,2,3,1,1,4,2,3,1,"","","","",sart2.2024-05-29-1040.data.6936ad1e-de97-4c4d-8b67-c25f33930b10.txt,D8zxQSmaxb,2024-04-29-10-30,2024-05-29-10-30,2024-05-29-10-40,10
s.96c1e5c8-d62d-4d53-a435-652f963ce8cc.txt,2,1,2,0,0,0,0,0,1,0,0,2,4,3,3,3,3,4,3,1,2,3,"",sart2.2024-05-21-2328.data.96c1e5c8-d62d-4d53-a435-652f963ce8cc.txt,5SRLXtc3yN,2024-04-21-23-18,2024-05-21-23-18,2024-05-21-23-28,10
s.ee56a6e6-ff39-4e86-8992-187ae88f951f.txt,2,1,2,0,0,0,0,0,1,0,0,2,2,1,1,4,3,6,1,"","","","",sart2.2024-05-21-1818.data.ee56a6e6-ff39-4e86-8992-187ae88f951f.txt,DObvJLMacF,2024-04-21-18-09,2024-05-21-18-09,2024-05-21-18-18,9
s.e492fc3d-5fca-4730-a005-3c35ef81dc21.txt,2,1,2,0,0,0,0,0,1,0,0,2,4,3,1,4,3,4,1,"","","","",sart2.2024-05-24-1634.data.e492fc3d-5fca-4730-a005-3c35ef81dc21.txt,KfsVKh6JDB,2024-04-24-16-24,2024-05-24-16-24,2024-05-24-16-34,10
s.573d5041-c269-4fb4-8ad9-c46f48eaefb9.txt,3,1,2,0,0,0,0,0,1,0,0,2,"2,5",1,1,4,2,7,1,"","","","",sart2.2024-05-23-2056.data.573d5041-c269-4fb4-8ad9-c46f48eaefb9.txt,byUtnDcftK,2024-04-23-20-46,2024-05-23-20-46,2024-05-23-20-56,10
s.a357de0f-9b68-4d1f-8793-217a257da430.txt,3,1,5,0,0,0,0,0,1,0,0,2,"1,5",2,1,4,3,9,1,"","","","",sart2.2024-05-25-1147.data.a357de0f-9b68-4d1f-8793-217a257da430.txt,79FSLcyhUs,2024-04-25-11-35,2024-05-25-11-35,2024-05-25-11-47,12
s.32506f18-06a2-4254-9912-f0922e21ebee.txt,2,1,2,0,0,0,0,0,1,0,0,2,3,"2,5",1,1,2,7,1,"","","","",sart2.2024-05-22-1509.data.32506f18-06a2-4254-9912-f0922e21ebee.txt,wKMtQQQgFS,2024-04-22-15-01,2024-05-22-15-01,2024-05-22-15-09,8
s.d25ea208-c7fb-495f-ad5b-c7a43feca92c.txt,3,2,5,0,0,0,0,0,1,0,0,2,2,0.25,4,4,3,5,2,1,1,2,"",sart2.2024-05-24-1838.data.d25ea208-c7fb-495f-ad5b-c7a43feca92c.txt,3DzyWPwxuG,2024-04-24-18-30,2024-05-24-18-30,2024-05-24-18-38,8
s.bde91169-3bcf-4385-a74b-e616c3f9b768.txt,2,2,2,0,0,0,0,0,1,0,0,2,4,1,2,4,2,6,2,1,3,3,"",sart2.2024-06-07-1150.data.bde91169-3bcf-4385-a74b-e616c3f9b768.txt,8AqLg5F3kz,2024-05-07-11-41,2024-06-07-11-41,2024-06-07-11-50,9
s.87bc76be-52a2-4064-b05d-30b84f5f6115.txt,2,1,2,0,1,0,0,0,1,0,0,2,3,"0,5",3,4,2,4,1,"","","","",sart2.2024-05-22-1224.data.87bc76be-52a2-4064-b05d-30b84f5f6115.txt,msKrACHmye,2024-04-22-12-16,2024-05-22-12-16,2024-05-22-12-24,8
s.b2a9aeaa-6ea7-42c5-b573-6b3c3c3ddd32.txt,2,2,2,0,0,0,0,0,1,0,0,2,3,0,3,4,2,2,1,"","","","",sart2.2024-05-23-1237.data.b2a9aeaa-6ea7-42c5-b573-6b3c3c3ddd32.txt,yAKHuyaAkS,2024-04-23-12-28,2024-05-23-12-28,2024-05-23-12-37,9
s.1d2e288d-6ab9-428b-8ef4-e5ba8255c400.txt,2,2,2,0,1,0,0,0,0,0,0,2,3,"0,5",1,4,2,7,3,1,3,3,"",sart2.2024-05-24-1905.data.1d2e288d-6ab9-428b-8ef4-e5ba8255c400.txt,Q9aMnCggDw,2024-04-24-18-56,2024-05-24-18-56,2024-05-24-19-05,9
s.6c5bda76-6056-4111-85f1-3cfbf192d9ab.txt,3,2,4,0,1,0,0,0,0,0,0,2,8hours,5hours,2,4,2,6,1,"","","","",sart2.2024-05-24-1702.data.6c5bda76-6056-4111-85f1-3cfbf192d9ab.txt,AMeUW652wh,2024-04-24-15-51,2024-05-24-16-51,2024-05-24-17-02,11
s.4ce55f89-6bc3-47ee-b77f-1a3f2c755157.txt,2,1,2,0,0,0,0,0,1,0,0,2,2,1,2,2,2,2,1,"","","","",sart2.2024-05-28-1906.data.4ce55f89-6bc3-47ee-b77f-1a3f2c755157.txt,7XVEbVWvv5,2024-04-28-18-55,2024-05-28-18-55,2024-05-28-19-06,11
s.5654ccac-26b9-42c3-88e8-f2b5120440bd.txt,2,1,2,0,0,0,0,0,1,0,0,2,4,0,1,4,4,8,1,"","","","",sart2.2024-05-28-1309.data.5654ccac-26b9-42c3-88e8-f2b5120440bd.txt,xaOU5D7DBB,2024-04-28-13-00,2024-05-28-13-00,2024-05-28-13-09,9
s.fc27adb8-5ab9-484b-a146-13f546cb2942.txt,2,1,2,0,1,0,0,0,1,0,0,2,4,3,1,4,4,8,2,1,2,1,"",sart2.2024-05-28-1334.data.fc27adb8-5ab9-484b-a146-13f546cb2942.txt,LKe7FhRYLz,2024-04-28-13-26,2024-05-28-13-26,2024-05-28-13-34,8
s.e883fcd9-8f7b-4efd-9436-567cb08b3a71.txt,3,1,4,1,0,0,0,0,0,0,0,2,5,4,1,4,2,8,1,"","","","",sart2.2024-05-24-1958.data.e883fcd9-8f7b-4efd-9436-567cb08b3a71.txt,SPdGVU8prE,2024-04-24-19-44,2024-05-24-19-44,2024-05-24-19-58,14
s.e170dc53-2f0b-4d0b-985f-a657fa1c2ccf.txt,2,1,2,0,0,0,0,0,1,0,0,2,4,4,1,3,1,7,1,"","","","",sart2.2024-06-12-0144.data.e170dc53-2f0b-4d0b-985f-a657fa1c2ccf.txt,nSXpcHVwm4,2024-05-12-01-34,2024-06-12-01-34,2024-06-12-01-44,10
s.6333acd9-1f3c-4cfc-9434-b5a3030708e7.txt,3,1,4,1,0,0,0,0,0,0,0,2,4,2,1,4,1,6,1,"","","","",sart2.2024-05-28-1958.data.6333acd9-1f3c-4cfc-9434-b5a3030708e7.txt,weMTJyASRC,2024-04-28-19-45,2024-05-28-19-45,2024-05-28-19-58,13
s.17305ccd-df80-4c46-bbdd-02797e8e133b.txt,6,1,4,0,1,0,0,0,0,0,0,2,2,1,2,3,2,6,5,1,4,1,Metta Meditation und Tai Chi,sart2.2024-05-22-1219.data.17305ccd-df80-4c46-bbdd-02797e8e133b.txt,kcRNpq5QAt,2024-04-22-12-08,2024-05-22-12-08,2024-05-22-12-19,11
s.fe353e5a-eb98-4581-b967-12ed9c600cef.txt,2,1,2,0,0,0,0,0,1,0,0,2,2,"1,5",1,4,3,7,2,1,2,3,"",sart2.2024-05-27-1533.data.fe353e5a-eb98-4581-b967-12ed9c600cef.txt,2mnAQgCdWa,2024-04-27-15-24,2024-05-27-15-24,2024-05-27-15-33,9
s.f58cef84-82d8-4c34-a5e1-fa63212026c5.txt,2,1,2,0,1,0,0,0,1,0,0,2,4,2,1,3,3,6,1,"","","","",sart2.2024-05-22-1103.data.f58cef84-82d8-4c34-a5e1-fa63212026c5.txt,hNeNDXMWsC,2024-04-22-10-54,2024-05-22-10-54,2024-05-22-11-03,9
s.884e11b5-d61c-477d-ab48-ff2a99eeb40f.txt,2,1,2,0,1,0,0,0,1,0,0,2,5,2,3,3,2,4,1,"","","","",sart2.2024-06-04-1409.data.884e11b5-d61c-477d-ab48-ff2a99eeb40f.txt,rLCcxRwfxK,2024-05-04-14-00,2024-06-04-14-00,2024-06-04-14-09,9
s.6d0afc5e-3955-4ee8-aaab-8ffb18b7d1a6.txt,3,1,4,0,0,0,0,0,1,0,0,2,"4,5",3,1,4,2,9,2,1,4,3,breath exercises,"",VJ2Pg6xLar,2024-04-24-12-16,2024-05-24-12-16,2024-05-24-12-26,10
s.abb95596-01a2-4137-9bfc-359f1bb62dec.txt,2,1,2,0,0,0,0,0,1,0,0,2,4,0,3,4,3,3,2,1,4,3,"",sart2.2024-05-22-1041.data.abb95596-01a2-4137-9bfc-359f1bb62dec.txt,HdGFYVdw3c,2024-04-22-10-29,2024-05-22-10-29,2024-05-22-10-41,12
s.6a390563-1c9d-4a38-a73f-6c10423c663c.txt,2,2,2,0,0,0,0,0,1,0,0,2,3,1,1,4,2,2,1,"","","","",sart2.2024-05-24-1412.data.6a390563-1c9d-4a38-a73f-6c10423c663c.txt,LNmmZtsqKN,2024-04-24-14-04,2024-05-24-14-04,2024-05-24-14-12,8
s.c5416b56-db3c-4be1-a832-34fec4d378a1.txt,2,2,2,0,0,0,1,0,1,0,0,2,2.5,0.2,2,3,2,2,2,1,2,3,"",sart2.2024-05-22-1306.data.c5416b56-db3c-4be1-a832-34fec4d378a1.txt,Hy6AFnSMXV,2024-04-22-12-58,2024-05-22-12-58,2024-05-22-13-06,8
s.e7b9b908-46d2-4804-a913-d2a68e284c8c.txt,3,2,5,0,0,0,0,0,1,0,0,2,4.5,4,1,3,2,7,1,"","","","",sart2.2024-05-21-2321.data.e7b9b908-46d2-4804-a913-d2a68e284c8c.txt,TS4Qf2vNjs,2024-04-21-23-11,2024-05-21-23-11,2024-05-21-23-21,10
s.650a01ef-0070-467a-9856-e50b401df35d.txt,2,1,2,0,0,0,0,0,1,0,0,2,2,"1,5",1,3,3,8,2,1,1,3,"",sart2.2024-05-30-1035.data.650a01ef-0070-467a-9856-e50b401df35d.txt,ae4qN7WJav,2024-04-30-10-26,2024-05-30-10-26,2024-05-30-10-35,9
s.3d04d560-dd7b-4686-9fa2-9149778f9bed.txt,2,1,2,0,0,0,0,0,1,0,0,2,6,6,1,1,4,3,1,"","","","",sart2.2024-05-22-1554.data.3d04d560-dd7b-4686-9fa2-9149778f9bed.txt,,2024-04-22-15-45,2024-05-22-15-45,2024-05-22-15-46,1
s.3c92eb41-ba37-4468-a06e-659abfd27dd3.txt,1,2,2,0,0,0,0,0,1,0,0,1,"","","","","","","","","","","","",,2024-04-22-13-15,2024-05-22-05-45,2024-05-22-05-45,0
s.2697fbea-02de-44b2-a31a-3d331003d0da.txt,2,2,2,0,0,0,0,0,1,0,0,2,3,2,1,4,2,2,1,"","","","","","",2024-04-22-19-28,2024-05-22-19-28,"",""
s.befc8b4d-285c-4e3b-a48a-a3264aea0709.txt,2,1,2,0,0,0,0,0,1,0,0,2,4,3,1,4,2,8,1,"","","","",sart2.2024-06-02-1905.data.befc8b4d-285c-4e3b-a48a-a3264aea0709.txt,e4d8JMuNZC,2024-05-02-18-56,2024-06-02-18-56,2024-06-02-19-05,9
s.44c76f29-0a42-4c3c-a182-24db2b3e9b18.txt,2,1,2,0,0,0,0,0,1,0,0,2,5,"4,5",2,3,3,3,1,"","","","",sart2.2024-05-23-1409.data.44c76f29-0a42-4c3c-a182-24db2b3e9b18.txt,Zk4QqyeB5c,2024-04-23-13-58,2024-05-23-13-58,2024-05-23-14-09,11
s.7e15f090-b453-4393-8ebd-d4e6b552bbe1.txt,2,1,4,0,1,0,0,0,1,0,0,2,2,2,1,4,3,5,2,1,2,3,"",sart2.2024-05-21-1930.data.7e15f090-b453-4393-8ebd-d4e6b552bbe1.txt,Dt8vjJuKHZ,2024-04-21-19-22,2024-05-21-19-22,2024-05-21-19-30,8
s.fe06bf67-6b0a-4d44-a1a8-a6ff77aaf5da.txt,2,1,2,0,0,0,0,0,1,0,0,2,4,2,1,4,3,7,2,1,3,3,"",sart2.2024-05-31-1710.data.fe06bf67-6b0a-4d44-a1a8-a6ff77aaf5da.txt,Y3GhuPtfJD,2024-04-31-17-00,2024-05-31-17-00,2024-05-31-17-10,10
s.fe327b9b-c21f-48d1-95cc-aff170ad8a65.txt,2,1,2,0,0,0,0,0,1,0,0,2,4,3,1,4,1,3,1,"","","","",sart2.2024-05-26-2001.data.fe327b9b-c21f-48d1-95cc-aff170ad8a65.txt,YEQxwGxvvD,2024-04-26-19-52,2024-05-26-19-52,2024-05-26-20-01,9
s.e8e337c2-22fe-43c9-ac44-8a8f4c0738dc.txt,3,1,2,0,0,0,0,0,1,0,0,2,3,"1,5",1,4,2,8,1,"","","","","","",2024-04-23-16-16,2024-05-23-16-16,"",""
s.c1f99a25-31f0-445f-8ef3-b63152619672.txt,2,2,2,0,0,0,0,0,1,0,0,1,"","","","","","","","","","","","",,2024-05-24-01-01,2024-06-24-01-01,2024-06-24-01-02,1
s.71b85718-1705-47c7-b2e8-623b3ed6dcdb.txt,2,1,2,0,0,0,0,0,1,0,0,2,3,0.5,1,3,2,4,2,1,3,3,focused attention,sart2.2024-05-24-1827.data.71b85718-1705-47c7-b2e8-623b3ed6dcdb.txt,jbXUBmOgzg,2024-04-24-18-18,2024-05-24-18-18,2024-05-24-18-27,9
